group_id,relevant,confidence,category,urgency,locations
3,1,9,OTHER,1,Millennium Park;Calgary
5,0,9,,0,
86,1,9,AID,1,Calgary
157,0,9,,0,
166,0,7,,0,
190,1,9,OTHER,1,Alberta
204,1,9,OTHER,2,Calgary
216,1,9,PROPERTY,1,Talisman Centre;Calgary
220,0,9,,0,
222,0,9,,0,
295,0,9,,0,
403,1,9,PROPERTY,2,Lions Campground;Devon;Alberta
502,0,8,,0,
505,1,9,PROPERTY,1,Calgary
522,1,9,AID,1,Calgary
540,0,9,,0,
581,0,9,,0,
613,0,9,,0,
632,1,9,AID,1,Calgary
683,0,9,,0,
689,0,9,,0,
699,0,9,,0,
875,1,9,AID,1,Alberta
907,1,9,PROPERTY,2,Calgary;Cranston
909,0,9,,0,
939,1,9,AID,1,Alberta
1068,1,9,OTHER,1,Calgary
1161,0,9,,0,
1170,1,9,AID,1,Southern Alberta
1287,1,9,OTHER,1,Calgary Zoo
1332,0,9,,0,
1351,1,9,OTHER,1,Calgary
1365,1,9,SUPPORT,1,Southern Alberta
1413,0,9,,0,
1416,0,9,,0,
211,0,9,,0,
1477,1,9,INFRA,2,Calgary;MacLeod Trail
1542,0,9,,0,
1588,1,9,PROPERTY,1,National Music Centre;Calgary
1591,1,9,ADVISORY,2,Alberta;Calgary Stampede
962,1,9,EVAC,3,Medicine Hat
1631,0,9,,0,
1664,1,9,PROPERTY,2,Erlton;Calgary
1672,0,8,,0,
1708,0,9,,0,
1761,1,9,AID,1,Alberta
1780,0,9,,0,
1809,0,9,,0,
1881,0,8,,0,
1899,0,9,,0,
1973,0,9,,0,
1981,0,8,,0,
1990,1,9,INFRA,3,Calgary;Bow River
1999,1,9,OTHER,1,Calgary
2066,1,9,PROPERTY,2,Calgary
2085,0,9,,0,
2226,1,9,OTHER,1,Calgary
2227,0,9,,0,
2302,1,9,AID,1,Alberta
2326,0,9,,0,
2358,0,9,,0,
2383,1,9,OTHER,1,Alberta
2387,0,9,,0,
2489,1,9,OTHER,2,Banff;Southern Alberta
2499,1,9,AID,1,Calgary;Calgary Stampede
2584,0,9,,0,
2611,0,9,,0,
2663,1,9,INFRA,2,Calgary;Alberta
2698,0,9,,0,
2703,1,9,ADVISORY,2,Southern Alberta
2704,1,9,AID,1,Alberta
2712,1,9,HUMAN,2,High River
2727,0,9,,0,
2747,0,9,,0,
2755,1,9,ADVISORY,2,Calgary
2786,0,9,,0,
2808,1,9,ADVISORY,1,Calgary
2868,1,9,INFRA,2,Calgary;LRT
2952,0,9,,0,
2957,0,9,,0,
2962,0,9,,0,
2968,1,9,OTHER,1,Alberta
2970,0,9,,0,
3087,0,9,,0,
3123,1,9,AID,1,
3153,1,9,PROPERTY,2,Scotiabank Saddledome;Calgary
3169,0,9,,0,
3204,0,9,,0,
3236,0,9,,0,
3267,1,9,SUPPORT,1,Calgary
3304,0,9,,0,
3341,0,9,,0,
3439,1,9,SUPPORT,1,Calgary
3463,0,9,,0,
3482,1,9,AID,1,High River;Calgary
3500,0,9,,0,
3543,0,9,,0,
3639,1,9,AID,1,Calgary
3653,0,9,,0,
3716,1,9,PROPERTY,1,Calgary
3824,0,9,,0,
3866,1,9,SUPPORT,1,Calgary
3923,0,9,,0,
3968,0,8,,0,
3975,1,9,SUPPORT,1,
4014,0,8,,0,
4050,1,9,ADVISORY,2,
4113,0,9,,0,
4212,1,9,NEEDS,3,Banff
4312,1,9,INFRA,2,Canmore
4369,0,9,,0,
4383,1,9,OTHER,1,Alberta
4415,0,8,,0,
394,1,9,PROPERTY,2,Calgary;downtown Calgary
4555,1,9,SUPPORT,1,Calgary
4563,0,9,,0,
4573,1,9,AID,1,Calgary
4591,0,8,,0,
4595,1,9,OTHER,1,Calgary
4628,0,9,,0,
4651,1,9,INFRA,1,Calgary;Macleod Trail
4665,1,9,SUPPORT,1,Alberta
4666,0,9,,0,
4729,1,9,AID,1,Calgary
4043,1,9,PROPERTY,2,Calgary;Saddledome
4876,0,9,,0,
4927,0,9,,0,
4931,0,9,,0,
4985,0,9,,0,
4986,0,9,,0,
5063,0,9,,0,
5073,0,9,,0,
5112,1,9,AID,1,
5120,1,9,OTHER,1,Calgary;Elbow Park
5177,1,9,SUPPORT,1,Calgary
5197,0,9,,0,
5259,1,9,HUMAN,2,Calgary;Elbow River;Mission
5266,1,9,AID,1,Alberta;Brentwood
5292,1,9,AID,1,High River
5300,0,9,,0,
5376,0,9,,0,
5388,1,9,SUPPORT,1,Alberta
5477,1,9,ADVISORY,2,
5535,1,9,ADVISORY,1,
5572,1,9,AID,1,Calgary
5609,1,9,OTHER,1,
5657,0,9,,0,
5766,1,9,EVAC,1,
5772,0,9,,0,
5826,0,9,,0,
5922,1,9,AID,1,
5949,1,9,EVAC,1,Calgary
5978,0,9,,0,
6048,1,9,OTHER,1,Calgary
6080,0,9,,0,
6102,1,9,INFRA,2,Calgary
6182,0,9,,0,
6217,0,9,,0,
6248,1,9,PROPERTY,2,Medicine Hat
6296,0,9,,0,
6306,0,9,,0,
6427,1,9,SUPPORT,1,Calgary
6435,0,8,,0,
6438,1,9,INFRA,2,Calgary;Bow Valley College
6482,1,9,AID,1,Alberta
1796,1,9,SUPPORT,1,Calgary
6517,1,9,OTHER,1,Calgary
6557,1,9,OTHER,1,Medicine Hat;Edmonton
6575,1,9,OTHER,2,High River
6585,1,9,SUPPORT,1,
6652,0,9,,0,
6736,0,9,,0,
6773,1,9,SUPPORT,1,Calgary
2102,1,9,ADVISORY,2,
6786,1,9,HUMAN,2,Calgary
6817,1,9,AID,1,Calgary
6888,0,9,,0,
6900,0,9,,0,
6908,1,9,SUPPORT,1,Calgary
6962,1,9,PROPERTY,2,Calgary;East Village
6987,1,9,AID,1,Calgary
7014,1,9,ADVISORY,2,Calgary
7047,0,9,,0,
7068,1,9,ADVISORY,1,Drumheller
7120,0,8,,0,
7159,1,9,ADVISORY,2,Calgary
7255,1,9,OTHER,1,Calgary;Bowness
7305,1,9,OTHER,1,Calgary
7318,1,9,OTHER,1,Calgary
7490,0,9,,0,
7537,1,9,INFRA,2,Calgary;Bow River
7673,1,9,SUPPORT,1,Calgary;Alberta
7700,0,9,,0,
7701,1,9,OTHER,2,Okotoks;Alberta;Sheep River
7714,1,9,OTHER,2,Alberta;Calgary;Medicine Hat
7764,0,9,,0,
7835,0,9,,0,
7857,1,9,AID,1,Calgary
7901,0,9,,0,
8006,0,9,,0,
