group_id,split,relevant,category,urgency,locations
6900,gold,0,,0,
1664,gold,1,ADVISORY,,Calgary
4002,tune,1,SUPPORT,,Calgary
1814,tune,1,OTHER,,Alberta
2808,gold,1,AID,,Calgary
7318,gold,1,HUMAN,,Calgary
5388,gold,1,SUPPORT,,Alberta
2102,gold,1,ADVISORY,,Alberta
1287,gold,1,OTHER,,Alberta
4729,gold,1,OTHER,,Calgary
2121,tune,1,PROPERTY,,Alberta
6482,gold,1,SUPPORT,,Alberta
7135,tune,0,,0,
2712,gold,1,AID,,High River;Alberta
7207,tune,1,EVAC,,Alberta
5949,gold,1,ADVISORY,,Calgary
157,gold,0,,0,
2085,gold,0,,0,
7901,gold,0,,0,
4810,tune,0,,0,
2375,tune,0,,0,
2358,gold,0,,0,
5159,tune,0,,0,
7255,gold,1,OTHER,,Bowness;Alberta
1991,tune,1,ADVISORY,,Calgary
7774,tune,1,OTHER,,Calgary
3968,gold,0,,0,
2611,gold,0,,0,
1809,gold,0,,0,
2676,tune,0,,0,
2336,tune,1,OTHER,,Saddledome;Alberta
403,gold,1,PROPERTY,,Devon;Alberta
3653,gold,0,,0,
4372,tune,0,,0,
4415,gold,0,,0,
7305,gold,1,OTHER,,Calgary
86,gold,1,AID,,Calgary
3975,gold,1,SUPPORT,,Alberta
962,gold,1,EVAC,,Medicine Hat;Calgary
4563,gold,0,,0,
7490,gold,0,,0,
6485,tune,1,ADVISORY,,Calgary
7700,gold,0,,0,
2792,tune,1,OTHER,,Calgary
2598,tune,0,,0,
5490,tune,1,SUPPORT,,Calgary
3543,gold,1,OTHER,,Australia
4399,tune,1,PROPERTY,,Elbow River;Calgary
1708,gold,0,,0,
5286,tune,0,,0,
540,gold,0,,0,
6585,gold,1,SUPPORT,,Alberta
1961,tune,0,,0,
7701,gold,1,HUMAN,,Okotoks;Sheep River;Calgary
7302,tune,1,OTHER,,Edmnton;Calgary;Alberta
4591,gold,0,,0,
6283,tune,1,AID,,High River;Calgary
6985,tune,1,ADVISORY,,Calgary
5852,tune,1,NEEDS,,Calgary
4595,gold,0,,0,
632,gold,1,SUPPORT,,Calgary
6296,gold,0,,0,
7056,tune,0,,0,
6695,tune,0,,0,
3341,gold,0,,0,
7022,tune,1,OTHER,,Bow River;Calgary
5063,gold,0,,0,
2410,tune,0,,0,
2962,gold,0,,0,
2302,gold,1,AID,,Alberta
7689,tune,0,,0,
6773,gold,1,OTHER,,Calgary
2755,gold,1,OTHER,,Calgary
4607,tune,1,OTHER,,Calgary
2232,tune,0,,0,
6048,gold,1,OTHER,,Calgary
689,gold,0,,0,
3169,gold,0,,0,
1767,tune,0,,0,
6612,tune,1,PROPERTY,,High River;Calgary
2066,gold,1,OTHER,,Calgary
2581,tune,1,AID,,Fort Elementary;Alberta
1529,tune,1,PROPERTY,,Calgary
3153,gold,1,PROPERTY,,Saddle Dome;Calgary
4927,gold,0,,0,
6987,gold,1,AID,,Calgary
1761,gold,1,AID,,Alberta
4666,gold,0,,0,
5259,gold,1,HUMAN,,Elbow River;Calgary
1899,gold,0,,0,
1170,gold,1,AID,,Alberta
1351,gold,1,OTHER,,Calgary
3866,gold,1,SUPPORT,,Calgary
249,tune,0,,0,
6217,gold,0,,0,
6427,gold,1,SUPPORT,,Calgary
5477,gold,1,ADVISORY,,Calgary
4074,tune,1,AID,,Calgary
1796,gold,1,OTHER,,Calgary
2564,tune,0,,0,
4978,tune,1,OTHER,,Calgary
1472,tune,0,,0,
6652,gold,0,,0,
2868,gold,1,ADVISORY,,Calgary
6517,gold,1,OTHER,,Calgary
3267,gold,1,SUPPORT,,Calgary
7815,tune,1,HUMAN,,Calgary
3236,gold,0,,0,
7673,gold,1,SUPPORT,,Calgary
502,gold,0,,0,
216,gold,0,,0,
7175,tune,0,,0,
3559,tune,1,OTHER,,Calgary
5266,gold,1,AID,,Alberta
4383,gold,1,OTHER,,Alberta
5177,gold,1,OTHER,,Calgary
2339,tune,1,AID,,Calgary
7120,gold,0,,0,
2499,gold,1,AID,,Calgary
220,gold,0,,0,
841,tune,1,AID,,Alberta
807,tune,1,SUPPORT,,Calgary
3064,tune,1,ADVISORY,,Devon;Alberta
1588,gold,1,OTHER,,Calgary
7047,gold,0,,0,
1670,tune,0,,0,
6435,gold,0,,0,
4986,gold,0,,0,
7014,gold,1,OTHER,,Calgary
5772,gold,0,,0,
909,gold,0,,0,
5,gold,0,,0,
4181,tune,0,,0,
295,gold,0,,0,
222,gold,0,,0,
7275,tune,1,OTHER,,Calgary
2455,tune,1,ADVISORY,,Banff;Canmore
1138,tune,0,,0,
2489,gold,1,ADVISORY,,Alberta
7714,gold,1,OTHER,,Calgary
4651,gold,1,ADVISORY,,Calgary
4098,tune,0,,0,
4876,gold,0,,0,
211,gold,0,,0,
7916,tune,0,,0,
939,gold,1,SUPPORT,,Alberta
2044,tune,1,SUPPORT,,Alberta
5826,gold,0,,0,
3439,gold,1,SUPPORT,,Calgary
3824,gold,0,,0,
1780,gold,0,,0,
2226,gold,1,AID,,Calgary
5830,tune,1,SUPPORT,,Alberta
5535,gold,1,SUPPORT,,Calgary
5838,tune,0,,0,
1365,gold,1,OTHER,,Alberta
4628,gold,0,,0,
2727,gold,0,,0,
5112,gold,1,AID,,Alberta
5300,gold,0,,0,
3015,tune,0,,0,
1542,gold,0,,0,
1631,gold,0,,0,
6888,gold,0,,0,
4312,gold,1,PROPERTY,,Canmore;Alberta
2270,tune,0,,0,
2970,gold,0,,0,
7537,gold,1,OTHER,,Bow River;Calgary
7660,tune,1,OTHER,,Langevin Bridge;Calgary
8006,gold,0,,0,
5766,gold,1,OTHER,,Alberta
7145,tune,1,HUMAN,,Medicine Hat;Alberta
2326,gold,0,,0,
394,gold,1,PROPERTY,,Calgary
2698,gold,0,,0,
6056,tune,0,,0,
1511,tune,0,,0,
7228,tune,0,,0,
190,gold,1,OTHER,,Alberta
522,gold,1,AID,,Calgary
6171,tune,0,,0,
2952,gold,0,,0,
6575,gold,1,OTHER,,High River;Alberta
2703,gold,1,OTHER,,Alberta
4395,tune,0,,0,
3463,gold,0,,0,
6182,gold,0,,0,
1799,tune,0,,0,
703,tune,1,OTHER,,Calgary
5609,gold,1,NEEDS,,Alberta
4573,gold,1,AID,,Calgary
4842,tune,1,SUPPORT,,Calgary
2584,gold,0,,0,
3482,gold,1,SUPPORT,,High River;Calgary
7484,tune,0,,0,
7133,tune,1,AID,,Calgary
2957,gold,0,,0,
4543,tune,1,SUPPORT,,Medicine Hat;Calgary
6557,gold,1,OTHER,,Medicine Hat;Calgary
3500,gold,0,,0,
875,gold,1,AID,,Alberta
2080,tune,0,,0,
3639,gold,1,AID,,Calgary
4212,gold,1,NEEDS,,Banff;Alberta
3304,gold,0,,0,
1344,tune,0,,0,
6438,gold,1,PROPERTY,,Calgary
5451,tune,0,,0,
7835,gold,0,,0,
1609,tune,0,,0,
5287,tune,0,,0,
1413,gold,0,,0,
7578,tune,1,AID,,Alberta
1508,tune,0,,0,
1161,gold,0,,0,
1672,gold,0,,0,
3769,tune,1,AID,,Alberta
1591,gold,1,ADVISORY,,Alberta
613,gold,0,,0,
3123,gold,1,OTHER,,Alberta
3716,gold,1,PROPERTY,,Calgary
2747,gold,0,,0,
6306,gold,0,,0,
2002,tune,0,,0,
7159,gold,1,ADVISORY,,Alberta
2704,gold,1,AID,,Winnipeg;Calgary;Alberta
2387,gold,0,,0,
277,tune,1,AID,,Calgary;Alberta
505,gold,1,SUPPORT,,Calgary;Alberta
1477,gold,1,SUPPORT,,MacLeod Trail;Calgary
4985,gold,0,,0,
5376,gold,0,,0,
6962,gold,1,OTHER,,Calgary;Alberta
2968,gold,1,OTHER,,Alberta
616,tune,1,AID,,Morley High School;Alberta
3923,gold,0,,0,
4043,gold,1,PROPERTY,,Saddledome;Calgary
2227,gold,0,,0,
3282,tune,1,OTHER,,Calgary;Alberta
4369,gold,0,,0,
3204,gold,0,,0,
5572,gold,1,AID,,Calgary
5978,gold,0,,0,
1990,gold,1,INFRA,,Bow River;Calgary
6248,gold,1,OTHER,,Alberta
1087,tune,1,AID,,Calgary;Alberta
907,gold,1,OTHER,,Cranston;Calgary
6908,gold,1,OTHER,,Calgary;Alberta
1068,gold,1,OTHER,,Clagary;Alberta
7068,gold,1,OTHER,,Drumheller;Alberta
166,gold,0,,0,
4113,gold,0,,0,
581,gold,0,,0,
6102,gold,1,ADVISORY,,Public Schools;Calgary
5922,gold,1,OTHER,,Alberta
3087,gold,0,,0,
7857,gold,1,EVAC,,Calgary;Alberta
3992,tune,1,ADVISORY,,Downtown;Calgary
6080,gold,0,,0,
6736,gold,0,,0,
7069,tune,0,,0,
4014,gold,1,OTHER,,
6352,tune,0,,0,
233,tune,1,AID,,Calgary;Alberta
1973,gold,1,,,
6817,gold,1,AID,,Alberta
2383,gold,1,OTHER,,Alberta
5120,gold,1,OTHER,,Elbow Park;Calgary
6979,tune,1,AID,,Calgary;Alberta
7764,gold,0,,0,
5197,gold,0,,0,
3535,tune,1,OTHER,,Calgary;Alberta
7008,tune,1,OTHER,,Calgary;Alberta
1332,gold,0,,0,
5292,gold,1,,,highriver;Alberta
5073,gold,0,,0,
6796,tune,0,,0,
2786,gold,0,,0,
4931,gold,0,,0,
4050,gold,0,,0,
5116,tune,1,SUPPORT,,Calgary
1416,gold,0,,0,
7238,tune,0,,0,
204,gold,1,OTHER,,Calgary
6786,gold,1,SUPPORT,,Calgary
1999,gold,1,OTHER,,Calgary
3,gold,1,OTHER,,Millennium park;Calgary
1888,tune,0,,0,
4555,gold,1,SUPPORT,,Calgary
5902,tune,0,,0,
1390,tune,0,,0,
1981,gold,1,OTHER,,
683,gold,0,,0,
4981,tune,1,OTHER,,Safeway;Calgary
2663,gold,1,INFRA,,Calgary;Alberta
5657,gold,0,,0,
1881,gold,0,,0,
699,gold,0,,0,
5200,tune,0,,0,
4665,gold,1,SUPPORT,,Alberta
