group_id,split,text,relevant,category,locations
6900,gold,chicks that take pics of themselves shotgunning beers probably also take it up the ass,0,,
1664,gold,RT @nicolesnote: This is where @glengreer & I lived in 2005 flood-- so much worse this time :( RT @fayvintcent: Erlton #yycflood http://t.c…,1,Advisory,Calgary
4002,tune,RT @calgaryherald: Unofficial “anthem” of Alberta floods by Canadian musicians aims to lift spirits http://t.co/7wrQfVX0Pk,1,Support,Calgary
1814,tune,"@DaniDontknowtec agreed, especially when they say what we are saying isn't true because they didn't see it on the news.",1,Other,Alberta
2808,gold,RT @weathernetwork: Don't panic if you couldn't get your hands on bottled water in #yyc. Your drinking water IS safe! #yycflood.,1,Aid,Calgary
7318,gold,I don't like working from home... I'm never as productive as I would be if I were at the office @FieldLaw #yycfloods #ilikepeople,1,Human,Calgary
5388,gold,"RT @wpgfirefighter: Our thoughts and prayers go out to our brothers and sisters in Alberta fighting those flood waters, stay safe.",1,Support,Alberta
2102,gold,RT @WestJet: Please limit non-urgent calls to us so that we can focus on guests affected by #abflood and those with immediate travel needs.,1,Advisory,Alberta
1287,gold,All animals safe and accounted for: Zoo quashes rumour of missing hippo: With all animals accounted for and water... http://t.co/e0170REYYc,1,Other,Alberta
4729,gold,"@KellyHrudey been on road for 2 mos w playoffs, and is back again at ground zero to help again! Thx as always! #yycflood #greatalbertan",1,Other,Calgary
2121,tune,we turn into a target barge.,1,Property,Alberta
6482,gold,RT @morninglive: If you want to help flood victims in Alberta. redcross.ca call 1-800-418-1111 @redcrosscanada,1,Support,Alberta
7135,tune,Nadine should have a fridge in her room,0,,
2712,gold,"RT @YourAlberta: 680+ dogs, cats, birds and reptiles rescued in #highriver. Call 403-652-6960 for pet rescue info. #abflood",1,Aid,"High River,AB"
7207,tune,RT @TheAlexCHC: Alberta flood cleanup volunteers told to protect their health http://t.co/YPTJWXOj55,1,Evac,Alberta
5949,gold,"Good to hear. @karensnider “@AP: Flooding rivers in Canadian city of Calgary recede, some evacuees allowed home: http://t.co/5Q72QEb1y3",1,Advisory,Calgary
157,gold,quickly and rightfully extinguished. If only the Tapani refugees had already known the Force when they arrived in the St,0,,
2085,gold,"On average, Calgary's Trends for last Thursday 27 had 8 characters long: http://t.co/ku81hb9rZE",0,,
7901,gold,I haven't danced in forever.,0,,
4810,tune,@actioncond good one for the girls that go all the way down #strongtothecore http://t.co/Yk6qAiI9jx,0,,
2375,tune,"Roberto loungo. My team loves me, they love me not, they love me, they love me not..........",0,,
2358,gold,seem to bring honor to it. Do you know what I mean?,0,,
5159,tune,@SharksRugbyClub See you at your game. Media appearance calls fir a win!,0,,
7255,gold,RT @Cara_Henry: #yycfloodhero Kevin Altheim after he rescued this fawn from the river near Bowness. Pic by Jim Sherwood # #abflood http://…,1,Other,"Bowness, AB"
1991,tune,Mayor Nenshi urges Calgary businesses to remain low-key #abflood http://t.co/3QjPj2h9YE,1,Advisory,Calgary
7774,tune,RT @VirginRadioYYC: Sad that some #Calgary Businesses are taking advantage of people in a crisis. #yycflood #yyc \(Pic… http://t.co/53ObYee…,1,Other,Calgary
3968,gold,@shleyhope the malls crazy big huh?,0,,
2611,gold,If u never say goodbye! #dyyyyyro,0,,
1809,gold,ningful glance at the datapad. Everything all right there?,0,,
2676,tune,rainy day means a lazy day,0,,
2336,tune,RT @Mookalicious: For those that missed it.... here is the first image of the Saddledome. #abflood http://t.co/tffpjBioWM,1,Other,"Saddledome, AB"
403,gold,RT @JennaNBridges: Here's a shot of the flooded playground at Lions Campground in Devon. #ab #devon #abflood http://t.co/MT59Yu0oAW,1,Property,"Devon, AB"
3653,gold,"Going out doesn't make you a bad person, just like church doesn't make you a good person.",0,,
4372,tune,@DannyFrontblunt Russia Day was June 12th. I missed that one.,0,,
4415,gold,@TonyMigliarese sup dude! How's the house?,0,,
7305,gold,#yyc has great police as well as a great mayor @mstyczen: Best twitter response ever via the @CalgaryPolice http://t.co/yP5RaZR2HJ @nenshi,1,Other,Calgary
86,gold,RT @JoyceMeyer: Hand of Hope working to help victims of Calgary floods. https://t.co/Ei3gL7ADKU,1,Aid,Calgary
3975,gold,@AndrewBerkshire ugh it's all horrible. I love this place so much and seeing it be destroyed is breaking my heart.,1,Support,Alberta
962,gold,"RT @GlobalCalgary: BREAKING: 10,000 people expected to evacuate Medicine Hat by 10 a.m. tomorrow: http://t.co/qNob70m9eV #abflood",1,Evac,Medicine Hat; Calgary
4563,gold,"@kridgedale Thanks for the follow, Kelly.",0,,
7490,gold,I Had a heart attack reading the menu. #deathbybacon @ Standard Tap Public House http://t.co/lFwTXiJqiY,0,,
6485,tune,"RT @BowValley: @cityofcalgary please RT that #BVC Calgary remains CLOSED to more than 5,000 students this week, due to extensive flooding. …",1,Advisory,Calgary
7700,gold,Fuck this shit I don't even want the parachute. Let me fall. Let me fly.,0,,
2792,tune,Home Depot Calgary apologizes for the clerical error of charging $42 for a flat of water to local flood victims. #Riiiighhhhtt,1,Other,Calgary
2598,tune,"p to a thousand kilometers away, to load missiles for an unknown alien with an unknown purpose, with no one in the Allia",0,,
5490,tune,Stampede will work around the clock to get flood-ravaged park ready for July 5: The Calgary Stampede announced... http://t.co/Ep4HQe2jeT,1,Support,Calgary
3543,gold,YKTN has recovered well after the Canada Day Flood three years ago. Details on GX 94 news at 8 sk time,1,Other,Australia
4399,tune,Aftermath of flood in Mission along the Elbow River #yycflood http://t.co/4OFzLxNYlN,1,Property,Elbow River; Calgary
1708,gold,"Feeling a little run down for the past couple of days. If anyone is looking for me, I will under my desk at work sleeping.",0,,
5286,tune,"Fellas let me get under now,I got rest for tomorrow's boogie!Abasand here I come!",0,,
540,gold,We miss you so much! benjaminlasnier benjaminlasnier benjaminlasnier #love #TagsForLikes http://t.co/iGuX95DrC8,0,,
6585,gold,Sending love to all affected by the #abflood,1,Support,Alberta
1961,tune,"Popara's youngest son seems more than brave and capable enough, said Mander. We had an incident #earlier today. Came u",0,,
7701,gold,"RT @OperSledDogs: FOUND Siberian Husky #yycflood\\Contact: 403-938-9311\Location: Okotoks, Alberta (Sheep River area)... http://t.co/2Z7x…",1,Human,Okotoks; Sheep River; Calgary
7302,tune,"Whether or not climate change played a role in #ABfloods, now is not the time for snide commentary. Be a good human. #yeg #yyc #yycflood",1,Other,Edmnton; Calgary; Alberta
4591,gold,"for the first time in my life, i can finally say i'm living #revelations",0,,
6283,tune,Temporary housing planned in Calgary for High River flood evacuees | Calgary | News | Calgary Sun http://t.co/IU0nFOv1x2 #yycflood,1,Aid,High River; Calgary
6985,tune,"RT @cityofcalgary: #yyc water quality is good. But, we ask you to reduce water usage to reduce demand on treatment plants. #yycflood http:/…",1,Advisory,Calgary
5852,tune,"RT @UnitedWayCgy: After #yycflood, @YWCAofCalgary needs hygiene items, underwear & more for women & kids. Please retweet! http://t.co/fh4td…",1,Needs,Calgary
4595,gold,"No amount of water will keep us from beating, maiming, and recklessly killing horses! CAL-GA-RY!! CAL-GA-RY!! -Calgary #yycflood",0,,
632,gold,RT @AvenueMagazine: Not sure how you can help #yycflood? http://t.co/mog0TMFZBi,1,Support,Calgary
6296,gold,@melissadasilvaa HAPPY BIRTHDAY BUDDY!! Haha 7 shots later and your white girl wasted! Hope it's a good one http://t.co/ntDjxdx7rl,0,,
7056,tune,Kelsey's favourite video game! @ Nana and Papa's http://t.co/OuAc0bsQZG,0,,
6695,tune,@The_Albertan personally I thought as an underdog thought Seabrook or Keith myself,0,,
3341,gold,It #wasn't busy. Trade hadn't picked up again since the end of the war.,0,,
7022,tune,Is the Bow River flow remaining steady? Do we know yet if it has crested? #yycflood,1,Other,Bow River; Calgary
5063,gold,Apart from the odd occasion when locals go fishing with grenades lmao this tourism ad is too hilariousb,0,,
2410,tune,Haven't worked out that hard in 2 months omg,0,,
2962,gold,I can arrange that playa RT @1Colt45_: @BxtchUBeenAFan fucking rite wit Tha caramel .. In high heels tho,0,,
2302,gold,"Jays going for 11 straight plus donate $10,000 to alberta flood relief. #lovethisteam",1,Aid,Alberta
7689,tune,Having your hair played with >>>>> #fav,0,,
6773,gold,To all our friends & customers in Calgary. Our thoughts are with you and hopes for a return to normalcy asap. #abflood,1,Other,Calgary
2755,gold,14 gallons filled. ?? Let all this be over soon. #yycflood http://t.co/JpO0brIi0J,1,Other,Calgary
4607,tune,Here we go again #calgary #yyc #floods everyone stay safe! http://t.co/hEowUdDdwt,1,Other ,Calgary
2232,tune,The present day really isn't that bad in terms of entertainment media and culture as many people paint it to be.,0,,
6048,gold,RT @CstShaw: Either way it's a 4x4! Best job in the world! #yycflood #yyc Photo credit: @chefmnoble http://t.co/dRdyHY2cai,1,Other,Calgary
689,gold,@katie_gv Yes it is 8 days.The way the sched is for the rest of summer I happen to get part of every Wknd off except for one.Which is nice:),0,,
3169,gold,Really don't think its necessary to stab into an already bloody wound via twitter #MaturityIsLacking,0,,
1767,tune,My sisters boyfriend is so thoughtful. God bless your kind soul,0,,
6612,tune,The town of High River is still under water after #ABflood hit. @FJSilvaggio reports: http://t.co/t28IHcS3sP,1,Property,High River; Calgary
2066,gold,Rain rain go away. These houses being flooded along the river. #abflood #floodpocalypse #calgaryflood… http://t.co/mkJCCPQxwi,1,Other,Calgary
2581,tune,RT @FortElementary: We are collecting cash donations for the Alberta Flood Relief. Please stop by and help us help our fellow Albertans. …,1,Aid,Fort Elementary; Alberta
1529,tune,RT @glenbowmuseum: Suggestions from Glenbow staff on how to treat #yycflood damaged art & artifacts http://t.co/QlBeGknok3. Implement @ you…,1,Property,Calgary
3153,gold,RT @GongshowGear: Flooding now up to 15th row in SaddleDome - thoughts and prayers are with everyone in Calgary #BeSafe http://t.co/tdp3YkX…,1,Property,Saddle Dome; Calgary
4927,gold,"She picked up her pace. Bazel hastened after her, his heavy strides sounding like drumbeats as his big heels pounded the",0,,
6987,gold,@yycfoodtrucks Exellent! Also a huge thank you for everything you and all the food trucks are doing for the city! You're amazing! #yycfloods,1,Aid,Calgary
1761,gold,"RT @VanCanucks: Missed it? To help those affected by flooding in #Alberta, Rogers customers can donate $5 to Red Cross by texting AB-HELP t…",1,Aid,Alberta
4666,gold,Who would I tell? she retorted. Uncle Luke?,0,,
5259,gold,RT @metrocalgary: Elderly woman found dead near Elbow River in Mission http://t.co/MqCR1BGS3r #yycflood,1,Human,Elbow River; Calgary
1899,gold,The sun makes me sleep *shuts blinds* Ah.. better,0,,
1170,gold,So sad to see the devastation all over Southern AB #abflood You can make donations to Red Cross @ 1-800-418-1111 or http://t.co/4ialgt1MhN,1,Aid ,Alberta
1351,gold,RT @udat55: Any one here about the flood in calgary?,1,Other,Calgary
3866,gold,"@gggellis it has, the water rises high, the people and the city, rise higher #yycflood #betteryyc",1,Support,Calgary
249,tune,"Watching some loser on The Liar's Club... Oh sorry, it's @BarackObama's global warming speech. #Climatechange #globullwarming",0,,
6217,gold,Staples aren't a very comfy thing to sleep with #cantsleep #staples #stomach #ouchcharlie,0,,
6427,gold,I hope everyone in Calgary and everywhere else that's being affected by floods are okay. <3,1,Support,Calgary
5477,gold,Here is an updated map of closures in the city http://t.co/zUNs5NJ9uU,1,Advisory,Calgary
4074,tune,RT @patrick_arnell: .@nenshi Cliff Bungalow Mission CA is hosting a benefit concert. We'd love you to come! #missionpossible #yycflood http…,1,Aid,Calgary
1796,gold,RT @BrandonPrust8: Hope everyone in Calgary is doing ok. That great city and all the ppl in it are in my thoughts #yycflood,1,Other,Calgary
2564,tune,Edmonton Public appoints new superintendent: Edmonton Public Schools has appointed Darrel Robertson as the new... http://t.co/OFQHjyxnrJ,0,,
4978,tune,"#yycflood not evidence of climate change. An imam in Middle East blamed sin for earthquakes, that was kooky. Enviro-nuts comments the same",1,Other,Calgary
1472,tune,"; as she did so, a corresponding holocam view appeared on a different monitor screen.",0,,
6652,gold,"For you, perhaps, Daala replied. But I'm beginning to see another way to defeat Head of State Fel-a way that won't de",0,,
2868,gold,"RT @metrocalgary: Timeline on downtown LRT in question after flooding damages track, tunnels: http://t.co/Tq8biA4ykt #yycflood #abflood",1,Advisory,Calgary
6517,gold,PHOTO: Prime Minister Harper flies over flood zone in #YYC. #ABflood Photo: PMO http://t.co/Zs0fOBThpH,1,Other,Calgary
3267,gold,Incredible damage from the #yycflood but so amazing to see the community coming together to help each other out! http://t.co/UzLOzES3Jj,1,Support,Calgary
7815,tune,"Floods kill two, forces 75,000 from Calgary homes http://t.co/KuFsJqx6Hv",1,Human,Calgary
3236,gold,@SovereignBeard @ArabianNightsx lol what went down tonight im ao confused something about a hijab and Rawan and beef,0,,
7673,gold,"The floods are serious, in Calgary. #Pray for #Calgary. #Alberta http://t.co/rGZKYT0xn1",1,Support,Calgary
502,gold,"Forklift / Counter Balance Operator needed in Cochrane, AB #job #hiring http://t.co/TdktNIrBHp",0,,
216,gold,"Dear @TalismanCentre, we miss you. Pls get better soon. Sincerely, Paula's Quads #fitforlife #workout #yycflood",0,,
7175,tune,Verizon entrance could be fodder to further along a cable co or two giant telco merger to keep Canada's strength over a foreign giant,0,,
3559,tune,Play some country... Jamesons 17 ave Calgary! Are we not #hellorhighwater #stampede101,1,Other,Calgary
5266,gold,Donate to Alberta Flood Relief at either of our 2 @starbuckscanada locations #BrentwoodCares http://t.co/jiXCEGEUnt,1,Aid,Alberta
4383,gold,Radio host says he was fired for comments on Alberta flood http://t.co/FRJQnxSvgO,1,Other,Alberta
5177,gold,RT @SonyaMacMillan1: Does this really have to be said? Is there really no common sense anymore? #calgarystrong #abflood #yycflood http://t…,1,Other ,Calgary
2339,tune,RT @YYCFlood: #Shaw network has been open to all non-shaw customers #Alberta needing internet access during this devastating time #yycflood…,1,Aid,Calgary
7120,gold,"@s1ipper Let me know where you are, Uncle Gary. A big group of us will be in that area tomorrow. Maybe we can come by.",0,,
2499,gold,RT @LisaLaFlammeCTV: Want to help ppl affected by #yycflood? Stampede selling 'Hell or High Water' shirts to raise money for flood victims …,1,Aid,Calgary
220,gold,Cross your eyes and you'll see it! http://t.co/9JrvWjzzTR,0,,
841,tune,RT @GolfPhysioguy: great honor sandbagging today with Canadian Military. #mhflood #abflood,1,Aid,Alberta
807,tune,"RT @VirginRadioYYC: If you want to help out, here ya go! #yycflood #WeAreCalgary http://t.co/OMEXMcrcOh",1,Support ,Calgary
3064,tune,Flood watch issued for Edmonton and Devon: Alberta Environment and Sustainable Resource Development has issued... http://t.co/T0mYXjF2ZM,1,Advisory,Devon; Alberta
1588,gold,RT @nmc_canada: VIDEO: Incredible time-lapsed footage of the future NMC site flooding c/o @EarthCam. #yycflood\http://t.co/zB3szCsRjq,1,Other,Calgary
7047,gold,"Wran, on the other side of Thaymes, dissolved into silent laughter.",0,,
1670,tune,@rosvickj Tomorrows lunch is Chicken & Prosciutto Mac n Cheese Alfredo or Spaghetti w/ Meat Sauce #yegfood #italianfood,0,,
6435,gold,Lets just say i wasn't made to survive in this world..,0,,
4986,gold,"A light winked above the StarNailer's nav computer, signaling that the fighter was about to drop out of hyperspace. Twen",0,,
7014,gold,@nenshi Save water in Calgary... shower with a buddy. ;) #yycflood,1,Other ,Calgary
5772,gold,@clclyne You're awesome!! Thanks so much! These look fantastic...and I've not read any of them yet! :),0,,
909,gold,Awesome bourgeois team meeting on Sunday night!! We packed the room with 20 people! The team is booming!!!!! http://t.co/q9poQtlVbJ,0,,
5,gold,Getting mask fitted tom so I can go out to the upgrader. #nowwearetalking #fortmac,0,,
4181,tune,"K but seriously, who is this guy? http://t.co/iOyJkS7CIz",0,,
295,gold,@crazy_mofo11 I like to snack when I watch you sleep,0,,
222,gold,Friday night #Dizzy #Encore #TravisPorter @ West Edmonton Mall http://t.co/aDg4zgwOx1,0,,
7275,tune,Look! Helmets!! RT @clasicmac: Love this pic!!! Police keeping our streets safe overnight. #yycflood #abflood http://t.co/1U31GzvLho,1,Other,Calgary
2455,tune,#abflood what's happening in Canmore and banff re hwy 1 road closures,1,Advisory,Banff;Canmore
1138,tune,Sup girls @ World Bier Haus 1410 http://t.co/PGhb1ocAtJ,0,,
2489,gold,Banff Marathon and K100 both cancelled due to the flood situation in southern Alberta as runners rally to help in the flood effort,1,Advisory,Alberta
7714,gold,RT @TanaraMcLean: AB Gov confirms 2013 flood is worst in Alberta's history. 25 confirmed states of emergency right now. #yyc #yycFlood #Med…,1,Other,Calgary
4651,gold,@cityofcalgary: .@nenshi Macleod trail is fully open to traffic - they built a road in 1 day #yycroads #yycroads #yyctraffic - Amazing!!,1,Advisory,Calgary
4098,tune,That kid looks just like Martin. Holy.,0,,
4876,gold,@alvinlal whew! Thanks for reminding me! I was on pins and needles the WHOLE WEEK!,0,,
211,gold,10:00 AM @ Cash Casino Calgary $40 No-Limit Hold'em Poker Tournament w/ Re-entry http://t.co/AtDPIG3sJQ,0,,
7916,tune,@MayahJay lol my bad ... Loving it doing major touring this week,0,,
939,gold,"Our thoughts are with all the Albertans affected by the flooding. To donate to #Alberta Food Relief, pls visit your local RBC branch.",1,Support,Alberta
2044,tune,"Quick little reminder, please help out people who have lost everything http://t.co/d9eoofN7Ls",1,Support,Alberta
5826,gold,@joshclassenCTV you are dead wrong sir there is a #stormbrewing now outside my window #yegstorm #thunderstorm http://t.co/jJXgdPDpOu,0,,
3439,gold,I love this pretty City. We will fix you. Promise. #yycflood http://t.co/ge82gRKWzw,1,Support,Calgary
3824,gold,@ShinVicencio Afternoon dito eh. :-) Hehe. Hby? Maaga ka ba? or still not sleepy?,0,,
1780,gold,@cateia97 @Hitman_Actual_ @JayWatamaniuk Yeah. I know. I thought it would frustrate you rather than make you sad so I didn't answer.,0,,
2226,gold,"RT @ItweetMatrix: As the Calgary flood conditions stabilize, Matrix stays busy and stays safe. Our folks are working productively either fr…",1,Aid,Calgary
5830,tune,Stamps kick-off to flood relief: The theme for the season opener will be Lets Do Whatever It Takes to Support... http://t.co/RwsBdmiRgw,1,Support,Alberta
5535,gold,RT @YourAlberta: Updated: How to clean your home after a flood and other disaster recovery info: http://t.co/Ye13uxCCNx | #abflood #yycflood,1,Support,Calgary
5838,tune,"@calgarytransit How to go from stop Anderson to Chinook centre? Shuttle from 39st? Or bus ? from Heritage... Sorry, I am a tourist :-)",0,,
1365,gold,Hoping everyone in Southern Alberta is doing ok and managing alright after that #abflood.,1,Other,Alberta
4628,gold,e Lando their opinion of it.,0,,
2727,gold,"Commercial Glazing Branch Manager Calgary, AB Top pay package, and excellent benefits! #job #hiring http://t.co/2eIG4NQOEk",0,,
5112,gold,RT @longpre11: Donating $.50/new follower to @RedCrossAB 4 #abflood b/w now and 11pm MT $1 if ur a #CFL fan. (Max $200) employer dbl'd afte…,1,Aid,Alberta
5300,gold,#NHLdraft today. This is one of my fab days in hockey. Much like @g_ryder04 and the NBA draft. #oilers #8thpick @DaveWaknuk,0,,
3015,tune,Wow 24c and its only 8.15am. Happy Canada day everyone. #albertasummerishere,0,,
1542,gold,@CeciliaKissel you have no idea how many times I've used #IntelliLink / #MyLink to tune @theonefm to find Brent playing. Love to meet you 2!,0,,
1631,gold,"rt-stopping speed, Cilghal continued, He knows no Jedi #Knight would lie about such a thing-or even report it when not a",0,,
6888,gold,Happy Summer Solstice' shows up at this time as Trend in Edmonton http://t.co/JVfP54aHvm,0,,
4312,gold,RT @windspeakernews: MT @NealaBarton: This is the highway running into Canmore. Still shocked at the power of water. #abflood http://t.co/f…,1,Property,Canmore;Alberta
2270,tune,The resignation in Han's voice worried Leia more than any amount of yelling or cursing would have. It almost seemed as t,0,,
2970,gold,@ghunum we do not have kids here,0,,
7537,gold,RT @cityofcalgary: Bridges over the Bow River open to the public 60% #yycflood,1,Other,Bow River; Calgary
7660,tune,"The world is ending!!! (In Calgary, at least) #geeseapocalypse @ Langevin Bridge http://t.co/8z7UuiHUsI",1,Other,Langevin Bridge; Calgary
8006,gold,"The fact that I cant bring myself to be around uou, sucks.",0,,
5766,gold,I can return to my house now.,1,Other,Alberta
7145,tune,Thank you to the @MH_Firefighters who waved to my daughter from their fire truck. Made her day! #medhat #localheros,1,Human,Medicine Hat; Alberta
2326,gold,@UR2_beautiful I MISS YOU MORE. I'm so excited to see you <333,0,,
394,gold,RT @CstShaw: East end of downtown #yyc entirely under #yycflood waters. http://t.co/dWO2Nfu3Wo,1,Property,Calgary
2698,gold,@robbrowatzke I saw a notification from you an I knew exactly what it was going to say.,0,,
6056,tune,I'm sorry but that makes you easy & an almost hoe,0,,
1511,tune,@awdubreuil he likes the intro song.,0,,
7228,tune,I'm guessing it's time for a walk #BlockingTheView @ NW Immigration Compound http://t.co/QBA5Ta0QKZ,0,,
190,gold,POLL: Has the flooding in Alberta affected you? http://t.co/XX87b0qNzr,1,Other,Alberta
522,gold,"All for one & one for all. That's kind of the whole point, isn't it? #getinvolved #yycflood #rollupyoutsleeves",1,Aid,Calgary
6171,tune,"Local Spartan Race draws hundreds of competitors: For the first time in its history the popular obstacle race,... http://t.co/9P0HtLqfTt",0,,
2952,gold,@serenaryder Best wishes to you and all that jazz! I love jazz music!,0,,
6575,gold,"RCMP Gun seizure in High River makes an already tense situation worse, @sunrickbell writes http://t.co/iMzhVaiZqa #abflood",1,Other,High River; Alberta
2703,gold,http://t.co/09aKateRnh #newsCA Southern Alberta braces for rain amid flood warnings - CBC.ca http://t.co/a7AGTyLkzt,1,Other,Alberta
4395,tune,@Hitman_Actual_ Nobody but Syncrude is gearing up for a shut down. I can probably get onto it pretty easy. Depends on dispatch.,0,,
3463,gold,@fastlane111 any chance of reuniting with a driver you had a lot of success with in @MarkMacRacing ? #stickwithagoodthing,0,,
6182,gold,@JHONNIBLAZE @dynastyseries u have what all girls want beautiful from head to tie. #queenofhouston,0,,
1799,tune,@InfiniteEllie I don't get it..,0,,
703,tune,"When something bad happens u have 3 choices; U can either let it define U, let it destroy U or U can let it strengthen U. #yycflood @nenshi",1,Other,Calgary
5609,gold,RT @Braden_Hermus: @CocoFoxtrot: #abflood http://t.co/jxqmo013IH Disgusting. Should boycott this store.,1,Need,Alberta
4573,gold,@cityofcalgary @CalgaryPolice is there anything I (or anyone) can do to help with the flood relief efforts? #yycflood,1,Aid,Calgary
4842,tune,RT @AHS_YYCZone: Please continue to check http://t.co/uOdJ0ne4Be for facility updates and health information related to #yycflood,1,Support,Calgary
2584,gold,I wanna become great in life....,0,,
3482,gold,@BlawnDee Embrace your Canadian pride. Spread word/support of relief efforts for #abflood and #yycflood. #canadastrong #highriver #calgary,1,Support,High River; Calgary
7484,tune,"@allnewtpir LOL! After seeing World War Z, if Zombies actually worked that way, I'd be safe for sure! lol",0,,
7133,tune,@ampcalgary bought some groceries for a homeless evacuee this weekend. #happytohelp #yycflood,1,Aid,Calgary
2957,gold,Drinking a Big Horn Lager by @okanaganspring at @mrmikesonline http://t.co/phT4yRTwbY,0,,
4543,tune,@crystalhefner thanks for the follow!! Keep us here in alberta in your thoughts tonight! Massive flooding #abstrong #mhflood,1,Support,Medicine Hat; Calgary
6557,gold,Medicine Hat' appeared on Monday 24 at the 7th place in the Top20 of Edmonton's Trends: http://t.co/QWxw11hcsC,1,Other ,Medicine Hat; Calgary
3500,gold,Healey is talking about the #leafs. Shut up fucktard #hnic,0,,
875,gold,@Timhortons what if all of Canada wants to help? 'Alberta Rose' doughnut to raise cash for flood relief http://t.co/AIFctb8SOg,1,Aid,Alberta
2080,tune,@CalgaryPolice is it a bad idea to go to Harry Hayes tomorrow?..,0,,
3639,gold,@CalgaryHumane disregard. Just re read that post. Will donate online!,1,Aid,Calgary
4212,gold,"We need someone to go to crappytire and pick up 1500 shop vacs! Extension cords, don't forget the extension cords! #ABFlood #banff",1,Needs,Banff; Alberta
3304,gold,@BlueJays #Whiff No one said this come back would be easy. Get those runs back! #GoJaysGo #LoveThisTeam,0,,
1344,tune,Look how excited they look :) Us and Taylor Swift for a girls night out! @ Rexall Place http://t.co/JsZNlqyCCG,0,,
6438,gold,RT @metrocalgary: Flooding at new Bow Valley College campus creates issues for thousands of students http://t.co/UK1np4Dahj #yycflood #abpse,1,Property,Calgary
5451,tune,I just realized that you and I were in the same vicinity of an opened bottle of Apothic red and didn't touch it. #whoaaaaa,0,,
7835,gold,"@CairoBody what we counted on was that there were no liens or encumbrances on the house, which thee are. And that wasn't disclosed.",0,,
1609,tune,Apparently strippers in Canada play games with loonies and funnels. #ohcanada,0,,
5287,tune,surrounded by strange men in Mando #armor?,0,,
1413,gold,@keleisham really? Yay! It's boring here though but we'll find something to do lol maybe go outta town or something,0,,
7578,tune,@CIAwesome raffling wine&dinner Experience @ Xocolat for 2night. Will match donation.! All proceeds going to #RedCrossAB,1,Aid,Alberta
1508,tune,"Birdies, Eagles = DeLaet Dollars For Calgary Flood Relief Efforts http://t.co/nIUKSPGgKT #pga #golf",0,,
1161,gold,"As Jacen approached the Sow Stateroom, one of the guards began to moan for help. The fellow's torso had been cleaved at",0,,
1672,gold,The hashtag #calgary took the 13th place in the Top20 of Edmonton's Trends for Saturday 22: http://t.co/b0llsM3s3B,0,,
3769,tune,Emergency task force reconvened to spearhead Alberta flood recovery http://t.co/IVgCY53puD,1,Aid,Alberta
1591,gold,"Alberta Floods: Affected Communities and Road Closures http://t.co/E48tMM4lzf and is the Stampede on? *Hell or High Water, Calgary Stampede*",1,Advisory,Alberta
613,gold,The only ships still moving on the screens were the,0,,
3123,gold,RT @RicMcIver: @JBirdCg We are committed to helping. Town is in the lead & GOA providing full support. Lots of work still to do. #abflood #…,1,Other,Alberta
3716,gold,"Hey guys, just a quick update on whats going on. ( Calgary Floods )\\4 days ago, my area experienced mass... http://t.co/qWtpYJ2jWr",1,Property,Calgary
2747,gold,@duhduhdana My brother Mel wants to show this to you because he just installed it. #nofilter #duckface #yoloswag http://t.co/VZB7oNWSFk,0,,
6306,gold,Staggered rows of #white plastoid seats encircled a central console unit that resembled a wheel lying on the floor; the,0,,
2002,tune,Stampede 101 tip: no tanlines! Spraytans will hide them and tanning beds help even them out and prevent them!,0,,
7159,gold,RT @technocardy: There is NO NEED to hoard water! Water quality is HIGH and there are NO boil water advisories. #yycflood #abflood,1,Advisory,AB
2704,gold,Whatever it takes:' Redford announces $1B for 1st phase of Alberta flood relief - Winnipeg Free Press: Winnip... http://t.co/rzvMrCosES,1,Aid,"Winnipeg ; Calgary, AB"
2387,gold,@kvca_: Is @neutriIl done her little journey around the world yet? 2 hours til Calgary then I won't be back til the 18th :(,0,,Calgary
277,tune,Right now at work:\\#cocktails4calgary is happening now @NTNLBourbon/@NTNL10. All proceeds and tips going to flood relief. #yycflood,1,Aid,"Calgary, AB"
505,gold,"RT @markusoff: RT @RuthMylesCH: Calgary arts community assessing damage after the flood. Sadly, first of many stories to come. http://t.co…",1,Support,"Calgary, AB"
1477,gold,RT @chimaincalgary: Mayor Nenshi thanking workers who are building a new MacLeod Trail in the old median! #yycflood http://t.co/Q3TpmtZHKP,1,Support,"MacLeod Trail, Calgary"
4985,gold,The things you have to do for a 4 year old when you have to pee.... @ Anthony Henday Drive http://t.co/AH30xbfK4w,0,,
5376,gold,@CGrades79 flowers and wine please and thank you,0,,
6962,gold,Holy crap. RT @littlemissmocha My jaw dropped. Oh NO. #yycflood @calgaryherald Here's a view in East Village from our http://t.co/3WWmTNQwgJ,1,Other,"Calgary, AB"
2968,gold,#ClimateChange contributed to the Alberta floods but Albertans aren't the only ones contributing to climate change. #abflood,1,Other,AB
616,tune,"Stoney Nakoda in Morley in need of food and shelter, visit the Morley High School, they are helping out 24/7. #abfloods",1,Aid,"Morley High School, AB"
3923,gold,@haleymacmillan up only has 1 P genius. Not responding to idiotic know nothing people like u anymore.,0,,
4043,gold,RT @MattX929: Saddledome filled about 9 rows up! Whoever got that pic- wow #yycflood http://t.co/CtThkmUc0Y,1,Property,"Saddledome, Calgary"
2227,gold,monster university with the fam jam,0,,
3282,tune,RT @Dufresnm: How did this little river cause so much damage to #stampede #saddledome homes??? #cbc #yyc\#cbc #yycfloods http://t.co/I5ssVa…,1,Other,"Calgary, AB"
4369,gold,10 days until I get to pretty much live on my quads and in paradise,0,,
3204,gold,"Though Maarek had no reason to know about the military missions of the Star Destroyer, the",0,,
5572,gold,#yycflood This page is for anyone in Calgary seeking or offering free childcare for as long as it takes to cleanup... http://t.co/evEzQfRm3E,1,Aid,Calgary
5978,gold,The mission had started out as a search for a possible connection between Moff Glovstoak and the Rebellion. Now it had t,0,,
1990,gold,Quand ça va mal... #abflood #calgary @CBCCalgary: Train derails on bridge over Calgary's Bow River http://t.co/l4QbvzG1bB,1,Infra,"Bow River, Calgary"
6248,gold,This time of day you can really hear the water rushing by. Incredible. #mhflood,1,Other,AB
1087,tune,RT @YYCFlood: If you've lost a pet check out https://t.co/UFOUYbe3Qj. @PetRecoveryYYC #yycflood #abflood,1,Aid,"Calgary, AB"
907,gold,The poor guy who owns this house!! #yyc #cranston #scary #ig @ Home http://t.co/Se3JNY5LRH,1,Other,"Cranston, Calgary"
6908,gold,@JoeSantagato please tweet #calgarystrong #abflood it would mean so much to my city,1,Other,"Calgary, AB"
1068,gold,Just saw a group of people playing baseball in a field filled with water. Probably the funniest thing I've seen #enjoyingthewater #yycflood,1,Other,"Clagary, AB"
7068,gold,AB Gov't testing flow of River in #drumheller #abflood http://t.co/2rrKYBqCOw,1,Other,"Drumheller, AB"
166,gold,This lake I went too today >>>> http://t.co/vgf9IobJVp,0,,
4113,gold,"In a way, u really have to miss the old days when a team/player was so utterly dominant there was never any debate on such things. #99trophy",0,,
581,gold,"8x10 Handmade Diamond Willow Picture Frame in Cochrane, Alberta http://t.co/TGUX2QGkCa (from @krrbsale)",0,,AB
6102,gold,Public Schools (CBE & Catholic) will be CLOSED on Monday. #yycflood Pls RT,1,Advisory,"Public Schools, Calgary"
5922,gold,RT @japan_johnny: Still waiting on @Greenpeace to donate anything to #abflood,1,Other,AB
3087,gold,Watched Snow White and the Huntsman. Not the fairy tale I remember. It was BETTER :),0,,
7857,gold,Local Red Cross volunteers assisting Calgary flood relief http://t.co/zvmi85PRpr #StarNL,1,Evac,"Calgary, AB"
3992,tune,Calgary to Begin Flood Cleanup as Downtown Stays Closed - Bloomberg http://t.co/UFENJuKKpi,1,Advisory,"Downtown, Calgary"
6080,gold,If you want it done then you gotta do it yourself,0,,
6736,gold,Canada Day soak. @ Sherwood Park http://t.co/pMAarbrS3K,0,,
7069,tune,Oil capital to be shut for days after flooding | Canada | News | Ottawa Sun http://t.co/mXFRK2Vlkm,0,,Ottawa
4014,gold,Stop waiting for other people to save you and do it yourself,1,Others,
6352,tune,@mc79hockey @ThomsonCam @PdashOW At what point is it agreed that the #oilers amateur scouts absolutely suck? #MagnificentSuckage,0,,
233,tune,"Osler cancels Stampede party, donates funds to charity http://t.co/0U1sYxyDeL #yycflood",1,Aid,"Calgary, AB"
1973,gold,@callmeadrianax mat have good taste in ass :p,1,,
6817,gold,RT @SeanChu4Ward4: Huge cash contributions (time & equipment too) from our developers to the Red Cross: http://t.co/4j6HpCBWBp #yycflood #y…,1,Aid,AB
2383,gold,Alberta flood damage could have been reduced if report heeded: experts - via @winnipegnews http://t.co/xCKnKX4lMC via @sharethis,1,Other,AB
5120,gold,Gutsy. Don't let that water give you any shit RT @itsakev #yycflood #yycbike’ing in Elbow Park: http://t.co/9crKrsyjut,1,Other,"Elbow Park, Calgary"
6979,tune,Ask me how you can get your #Arbonne and help out relief efforts with the #abflood at the same time! I'm donating my paycheck on sets!,1,Aid,"Calgary, AB"
7764,gold,@griffygolf Mac T is trying to hard. He made a good pick and will get better as a GM. #oilers,0,,
5197,gold,@holliepandza maybe you should study...,0,,
3535,tune,Video: The best in Calgarians come through as floods rage | Watch the video - Yahoo! News Canada http://t.co/oN09GbAqd2 via @yahoocanadanews,1,Other,"Calgary, AB"
7008,tune,“@pmharper: Briefing with @Premier_Redford and @nenshi. http://t.co/2CFZFKxcrH #abflood #yycflood” Bringing in the big guns #abflood,1,Other,"Calgary, AB"
1332,gold,@666potter just like you said. No rest for the wicked,0,,
5292,gold,All levels of government are working together to restore services to the town. #highriver #abflood,1,,"highriver, AB"
5073,gold,"Bye bye Edmonton, Hello Ottawa #airport",0,,Ottawa
6796,tune,@mcten could have misread it. I thought deal would be done with lakers not the other teams.,0,,
2786,gold,zhan #Vong had superseded every threat the galaxy had faced. But if the Falcon had discriminated between coralskippers an,0,,
4931,gold,@Notebook: Those late night messages that make you smile.,0,,
4050,gold,"just a warning, if you have a car, go out gas in because gas stations are starting to run out..",0,,
5116,tune,RT @TheAlbertaRide: Big #yyc thank you to @CalgaryPolice @CGYFireFighters and @nenshi for all of their hard work this weekend. #yycflood #y…,1,Support,Calgary
1416,gold,Our final tally for last night was 23 adults and10 kids/babies.Such a great time! I am thinking we need to host a few more BBQ this summer,0,,
7238,tune,As I turn my blackberry off n I turn your bath water on.,0,,
204,gold,Wtf. @alixveno: RT @4bsandak: @HomeDepotCanada extorts #yycflood victims by selling 24 bottles of water for $42.00. #disgusting .,1,Other,Calgary
6786,gold,RT @ampcalgary: Hearing reports that 13 RCMP officers have lost homes or property even as they work to save others. #yycflood,1,Support,Calgary
1999,gold,RT @CindyLouWho_2: is anyone (tv or web) broadcasting the upcoming briefing this afternoon? #yycflood #yyc,1,Other,Calgary
3,gold,@ZevKlymochko I skated (and loved) millennium park when I lived in Calgary. Is there any pics of millennium park post flood?,1,Other,"Millennium park, Calgary"
1888,tune,"Not sure if Chestbrah, or @__Daarian http://t.co/JJJZcZiLVG",0,,
4555,gold,"I lived in Calgary for two years. Seeing the flood damage there has been heartbreaking. Stay safe, friends.",1,Support,Calgary
5902,tune,"Get #off me! Pressik shouted, struggling to shake him off.",0,,
1390,tune,@ThatGirlAliyaah stay in ya room and on your phone sxb I never spoke about you,0,,
1981,gold,But there's nothing to eat,1,Other,
683,gold,The crimson weapon slashed through Natua's mask.,0,,
4981,tune,Calgary flooding: line ups at Safeway Grocery store. Everyone out getting food and water if available. One is ... http://t.co/Pho8d4KdIq,1,Other,"Safeway, Calgary"
2663,gold,RT @tvchick13: EMERG Update/11:30am: Enmax is working on power restoration. Energy and water do not play well together #YYC #ABflood,1,Infra,"Calgary, Alberta"
5657,gold,Schneider trade wasn't expected. Wonder if torts had something to do with that. #NHLdraft,0,,
1881,gold,"I'm at Calgary International Airport (YYC) (Calgary, AB) w/ 5 others http://t.co/dAyG1dROUM",0,,"International Airport, Calgary"
699,gold,You guys are actually so fake whatta joke. #fuckeveryone two faced bitches these days,0,,
5200,tune,The largest number of Trends in Calgary for Sunday 30 was at 1 pm: http://t.co/OhYpKXPMYA http://t.co/noSOrlg200,0,,Calgary
4665,gold,"RT @RUSS_MOVIEGOD: on this Canada Day more than usual, my heart wishes & Prayers go out to those affected by the Alberta Floods. Be strong …",1,Support,Alberta 